{"ticker": "BA", "can_execute": true, "acu_rand": [0.3333333333333333, 0.20512820512820512, 0.358974358974359, 0.3076923076923077, 0.3076923076923077, 0.28205128205128205, 0.28205128205128205, 0.28205128205128205, 0.3076923076923077, 0.358974358974359, 0.2564102564102564, 0.3076923076923077, 0.3076923076923077, 0.4358974358974359, 0.5384615384615384, 0.3333333333333333, 0.358974358974359, 0.2564102564102564, 0.28205128205128205, 0.28205128205128205, 0.4358974358974359, 0.2564102564102564, 0.2564102564102564, 0.38461538461538464, 0.38461538461538464, 0.3076923076923077, 0.358974358974359, 0.4358974358974359, 0.41025641025641024, 0.3333333333333333, 0.3333333333333333, 0.28205128205128205, 0.5128205128205128, 0.4358974358974359, 0.38461538461538464, 0.28205128205128205, 0.5128205128205128, 0.2564102564102564, 0.358974358974359, 0.38461538461538464, 0.38461538461538464, 0.38461538461538464, 0.46153846153846156, 0.28205128205128205, 0.41025641025641024, 0.41025641025641024, 0.3333333333333333, 0.2564102564102564, 0.3076923076923077, 0.41025641025641024, 0.38461538461538464, 0.38461538461538464, 0.23076923076923078, 0.38461538461538464, 0.358974358974359, 0.3076923076923077, 0.41025641025641024, 0.23076923076923078, 0.23076923076923078, 0.41025641025641024, 0.41025641025641024, 0.41025641025641024, 0.46153846153846156, 0.23076923076923078, 0.3333333333333333, 0.358974358974359, 0.28205128205128205, 0.358974358974359, 0.358974358974359, 0.20512820512820512, 0.3333333333333333, 0.28205128205128205, 0.23076923076923078, 0.2564102564102564, 0.358974358974359, 0.2564102564102564, 0.23076923076923078, 0.38461538461538464, 0.41025641025641024, 0.41025641025641024, 0.46153846153846156, 0.28205128205128205, 0.28205128205128205, 0.41025641025641024, 0.38461538461538464, 0.28205128205128205, 0.3076923076923077, 0.28205128205128205, 0.5128205128205128, 0.358974358974359, 0.48717948717948717, 0.358974358974359, 0.3333333333333333, 0.3333333333333333, 0.28205128205128205, 0.358974358974359, 0.3333333333333333, 0.358974358974359, 0.38461538461538464, 0.38461538461538464], "elapsed_time_rand": 142.60757279396057, "acu_encoder_adversarial": [0.4871794879436493, 0.4871794879436493, 0.5128205418586731, 0.4871794879436493, 0.4871794879436493, 0.5128205418586731, 0.5128205418586731, 0.5128205418586731, 0.4871794879436493, 0.4871794879436493, 0.4871794879436493, 0.5128205418586731, 0.5128205418586731, 0.4871794879436493, 0.4871794879436493, 0.4871794879436493, 0.4871794879436493, 0.4871794879436493, 0.4871794879436493, 0.4871794879436493, 0.4871794879436493, 0.4871794879436493, 0.4871794879436493, 0.4871794879436493, 0.4615384638309479, 0.4871794879436493, 0.4871794879436493, 0.5128205418586731, 0.5128205418586731, 0.4871794879436493, 0.4871794879436493, 0.5128205418586731, 0.5384615659713745, 0.4871794879436493, 0.4871794879436493, 0.4871794879436493, 0.4871794879436493, 0.4871794879436493, 0.4871794879436493, 0.4871794879436493, 0.5128205418586731, 0.4871794879436493, 0.4871794879436493, 0.4871794879436493, 0.5128205418586731, 0.4871794879436493, 0.4871794879436493, 0.4871794879436493, 0.4871794879436493, 0.4871794879436493, 0.4871794879436493, 0.4871794879436493, 0.4871794879436493, 0.5128205418586731, 0.4615384638309479, 0.4871794879436493, 0.4871794879436493, 0.5128205418586731, 0.4871794879436493, 0.4871794879436493, 0.4871794879436493, 0.4871794879436493, 0.4871794879436493, 0.4871794879436493, 0.4871794879436493, 0.4871794879436493, 0.4871794879436493, 0.4871794879436493, 0.4871794879436493, 0.4871794879436493, 0.4871794879436493, 0.4871794879436493, 0.4871794879436493, 0.4871794879436493, 0.5128205418586731, 0.5128205418586731, 0.4871794879436493, 0.5128205418586731, 0.4871794879436493, 0.4871794879436493, 0.5128205418586731, 0.5128205418586731, 0.4871794879436493, 0.5128205418586731, 0.4871794879436493, 0.4871794879436493, 0.4871794879436493, 0.4871794879436493, 0.4871794879436493, 0.4871794879436493, 0.4871794879436493, 0.5128205418586731, 0.5128205418586731, 0.4871794879436493, 0.5128205418586731, 0.4871794879436493, 0.5128205418586731, 0.5128205418586731, 0.4871794879436493, 0.5384615659713745], "elapsed_time_encoder_adversarial": 3834.095577955246, "acu_encoder": [0.5641025900840759, 0.4871794879436493, 0.5384615659713745, 0.5384615659713745, 0.5384615659713745, 0.5384615659713745, 0.5384615659713745, 0.5384615659713745, 0.5128205418586731, 0.5128205418586731, 0.5384615659713745, 0.5384615659713745, 0.5384615659713745, 0.5128205418586731, 0.5384615659713745, 0.5384615659713745, 0.5384615659713745, 0.5128205418586731, 0.5897436141967773, 0.5384615659713745, 0.5128205418586731, 0.5384615659713745, 0.5641025900840759, 0.5641025900840759, 0.5384615659713745, 0.5641025900840759, 0.5128205418586731, 0.4615384638309479, 0.5384615659713745, 0.5384615659713745, 0.5128205418586731, 0.5384615659713745, 0.5384615659713745, 0.5384615659713745, 0.5384615659713745, 0.5128205418586731, 0.5641025900840759, 0.5384615659713745, 0.5128205418586731, 0.5384615659713745, 0.5384615659713745, 0.5384615659713745, 0.5384615659713745, 0.5384615659713745, 0.5641025900840759, 0.5128205418586731, 0.5128205418586731, 0.5384615659713745, 0.5128205418586731, 0.5384615659713745, 0.5128205418586731, 0.5384615659713745, 0.5128205418586731, 0.5384615659713745, 0.5128205418586731, 0.5128205418586731, 0.5384615659713745, 0.5384615659713745, 0.5128205418586731, 0.5128205418586731, 0.5384615659713745, 0.5384615659713745, 0.5384615659713745, 0.5128205418586731, 0.5384615659713745, 0.5384615659713745, 0.5641025900840759, 0.5384615659713745, 0.5384615659713745, 0.5897436141967773, 0.5128205418586731, 0.5384615659713745, 0.5128205418586731, 0.5641025900840759, 0.5128205418586731, 0.5384615659713745, 0.5128205418586731, 0.5128205418586731, 0.5128205418586731, 0.5384615659713745, 0.5384615659713745, 0.5384615659713745, 0.5128205418586731, 0.5128205418586731, 0.5384615659713745, 0.5384615659713745, 0.5128205418586731, 0.5128205418586731, 0.5128205418586731, 0.5128205418586731, 0.5384615659713745, 0.5641025900840759, 0.5641025900840759, 0.5384615659713745, 0.5128205418586731, 0.5128205418586731, 0.5128205418586731, 0.5384615659713745, 0.5384615659713745, 0.5128205418586731], "elapsed_time_encoder": 2218.8466360569,