{"ticker": "CRM", "can_execute": true, "acu_rand": [0.28205128205128205, 0.4358974358974359, 0.28205128205128205, 0.28205128205128205, 0.3333333333333333, 0.20512820512820512, 0.28205128205128205, 0.2564102564102564, 0.358974358974359, 0.4358974358974359, 0.2564102564102564, 0.23076923076923078, 0.358974358974359, 0.3333333333333333, 0.41025641025641024, 0.358974358974359, 0.2564102564102564, 0.28205128205128205, 0.3076923076923077, 0.358974358974359, 0.46153846153846156, 0.358974358974359, 0.41025641025641024, 0.46153846153846156, 0.46153846153846156, 0.2564102564102564, 0.3076923076923077, 0.41025641025641024, 0.2564102564102564, 0.28205128205128205, 0.28205128205128205, 0.2564102564102564, 0.4358974358974359, 0.2564102564102564, 0.28205128205128205, 0.2564102564102564, 0.358974358974359, 0.4358974358974359, 0.358974358974359, 0.38461538461538464, 0.3333333333333333, 0.2564102564102564, 0.48717948717948717, 0.28205128205128205, 0.41025641025641024, 0.5641025641025641, 0.38461538461538464, 0.15384615384615385, 0.38461538461538464, 0.2564102564102564, 0.3333333333333333, 0.38461538461538464, 0.3076923076923077, 0.5384615384615384, 0.2564102564102564, 0.3076923076923077, 0.358974358974359, 0.28205128205128205, 0.41025641025641024, 0.28205128205128205, 0.28205128205128205, 0.2564102564102564, 0.3076923076923077, 0.358974358974359, 0.4358974358974359, 0.48717948717948717, 0.2564102564102564, 0.23076923076923078, 0.2564102564102564, 0.3333333333333333, 0.28205128205128205, 0.3333333333333333, 0.23076923076923078, 0.3333333333333333, 0.3333333333333333, 0.358974358974359, 0.23076923076923078, 0.46153846153846156, 0.358974358974359, 0.358974358974359, 0.23076923076923078, 0.358974358974359, 0.3333333333333333, 0.41025641025641024, 0.4358974358974359, 0.2564102564102564, 0.15384615384615385, 0.358974358974359, 0.38461538461538464, 0.3076923076923077, 0.41025641025641024, 0.3076923076923077, 0.3333333333333333, 0.38461538461538464, 0.3333333333333333, 0.23076923076923078, 0.358974358974359, 0.3333333333333333, 0.28205128205128205, 0.3076923076923077], "elapsed_time_rand": 124.41815853118896, "acu_encoder_adversarial": [0.3076923191547394, 0.3333333432674408, 0.25641027092933655, 0.3076923191547394, 0.3076923191547394, 0.28205129504203796, 0.28205129504203796, 0.28205129504203796, 0.25641027092933655, 0.25641027092933655, 0.3076923191547394, 0.28205129504203796, 0.25641027092933655, 0.3076923191547394, 0.28205129504203796, 0.25641027092933655, 0.28205129504203796, 0.28205129504203796, 0.3076923191547394, 0.3076923191547394, 0.3076923191547394, 0.28205129504203796, 0.3076923191547394, 0.25641027092933655, 0.28205129504203796, 0.28205129504203796, 0.28205129504203796, 0.25641027092933655, 0.3333333432674408, 0.3589743673801422, 0.3076923191547394, 0.3589743673801422, 0.3076923191547394, 0.28205129504203796, 0.3076923191547394, 0.3589743673801422, 0.28205129504203796, 0.28205129504203796, 0.25641027092933655, 0.28205129504203796, 0.28205129504203796, 0.25641027092933655, 0.28205129504203796, 0.3076923191547394, 0.28205129504203796, 0.28205129504203796, 0.25641027092933655, 0.25641027092933655, 0.3333333432674408, 0.23076923191547394, 0.28205129504203796, 0.28205129504203796, 0.23076923191547394, 0.25641027092933655, 0.25641027092933655, 0.23076923191547394, 0.28205129504203796, 0.3589743673801422, 0.28205129504203796, 0.28205129504203796, 0.3076923191547394, 0.38461539149284363, 0.23076923191547394, 0.28205129504203796, 0.3076923191547394, 0.38461539149284363, 0.3076923191547394, 0.23076923191547394, 0.3333333432674408, 0.3076923191547394, 0.25641027092933655, 0.3333333432674408, 0.23076923191547394, 0.28205129504203796, 0.3076923191547394, 0.3076923191547394, 0.28205129504203796, 0.3076923191547394, 0.28205129504203796, 0.25641027092933655, 0.3076923191547394, 0.3333333432674408, 0.28205129504203796, 0.23076923191547394, 0.3076923191547394, 0.25641027092933655, 0.3076923191547394, 0.3076923191547394, 0.28205129504203796, 0.3076923191547394, 0.28205129504203796, 0.25641027092933655, 0.3076923191547394, 0.3333333432674408, 0.3076923191547394, 0.3076923191547394, 0.3076923191547394, 0.3589743673801422, 0.28205129504203796, 0.28205129504203796], "elapsed_time_encoder_adversarial": 1275.9744963645935, "acu_encoder": [0.3076923191547394, 0.41025641560554504, 0.3076923191547394, 0.41025641560554504, 0.41025641560554504, 0.3589743673801422, 0.20512820780277252, 0.3589743673801422, 0.28205129504203796, 0.3589743673801422, 0.41025641560554504, 0.3589743673801422, 0.38461539149284363, 0.38461539149284363, 0.41025641560554504, 0.38461539149284363, 0.41025641560554504, 0.3589743673801422, 0.3589743673801422, 0.3076923191547394, 0.43589743971824646, 0.3333333432674408, 0.43589743971824646, 0.38461539149284363, 0.38461539149284363, 0.3333333432674408, 0.4615384638309479, 0.41025641560554504, 0.3333333432674408, 0.3076923191547394, 0.3333333432674408, 0.3589743673801422, 0.3589743673801422, 0.41025641560554504, 0.3589743673801422, 0.41025641560554504, 0.3076923191547394, 0.3076923191547394, 0.38461539149284363, 0.38461539149284363, 0.38461539149284363, 0.3333333432674408, 0.3333333432674408, 0.3333333432674408, 0.4615384638309479, 0.3333333432674408, 0.38461539149284363, 0.3589743673801422, 0.3589743673801422, 0.3333333432674408, 0.38461539149284363, 0.38461539149284363, 0.41025641560554504, 0.38461539149284363, 0.3589743673801422, 0.43589743971824646, 0.3333333432674408, 0.43589743971824646, 0.3333333432674408, 0.38461539149284363, 0.41025641560554504, 0.3076923191547394, 0.3589743673801422, 0.3333333432674408, 0.3589743673801422, 0.41025641560554504, 0.3589743673801422, 0.3076923191547394, 0.38461539149284363, 0.3589743673801422, 0.3076923191547394, 0.43589743971824646, 0.28205129504203796, 0.28205129504203796, 0.23076923191547394, 0.38461539149284363, 0.3076923191547394, 0.3076923191547394, 0.4871794879436493, 0.43589743971824646, 0.41025641560554504, 0.41025641560554504, 0.41025641560554504, 0.3589743673801422, 0.28205129504203796, 0.3589743673801422, 0.3589743673801422, 0.38461539149284363, 0.3333333432674408, 0.3589743673801422, 0.43589743971824646, 0.38461539149284363, 0.41025641560554504, 0.4615384638309479, 0.3589743673801422, 0.38461539149284363, 0.3589743673801422, 0.3589743673801422, 0.28205129504203796, 0.41025641560554504], "elapsed_time_encoder": 1233.29607796669,