{"ticker": "CVX", "can_execute": true, "acu_rand": [0.4358974358974359, 0.2564102564102564, 0.358974358974359, 0.28205128205128205, 0.23076923076923078, 0.46153846153846156, 0.38461538461538464, 0.28205128205128205, 0.358974358974359, 0.3076923076923077, 0.3333333333333333, 0.358974358974359, 0.358974358974359, 0.358974358974359, 0.28205128205128205, 0.38461538461538464, 0.358974358974359, 0.358974358974359, 0.3076923076923077, 0.3333333333333333, 0.38461538461538464, 0.4358974358974359, 0.38461538461538464, 0.38461538461538464, 0.3076923076923077, 0.3333333333333333, 0.358974358974359, 0.28205128205128205, 0.3076923076923077, 0.48717948717948717, 0.3333333333333333, 0.4358974358974359, 0.3333333333333333, 0.358974358974359, 0.3076923076923077, 0.358974358974359, 0.358974358974359, 0.3076923076923077, 0.41025641025641024, 0.48717948717948717, 0.28205128205128205, 0.2564102564102564, 0.358974358974359, 0.4358974358974359, 0.2564102564102564, 0.38461538461538464, 0.48717948717948717, 0.2564102564102564, 0.3333333333333333, 0.3076923076923077, 0.38461538461538464, 0.46153846153846156, 0.2564102564102564, 0.3333333333333333, 0.2564102564102564, 0.23076923076923078, 0.4358974358974359, 0.4358974358974359, 0.41025641025641024, 0.28205128205128205, 0.23076923076923078, 0.358974358974359, 0.3076923076923077, 0.41025641025641024, 0.1794871794871795, 0.41025641025641024, 0.38461538461538464, 0.28205128205128205, 0.28205128205128205, 0.3076923076923077, 0.3333333333333333, 0.3076923076923077, 0.2564102564102564, 0.1282051282051282, 0.41025641025641024, 0.3076923076923077, 0.3333333333333333, 0.41025641025641024, 0.28205128205128205, 0.23076923076923078, 0.23076923076923078, 0.28205128205128205, 0.358974358974359, 0.23076923076923078, 0.358974358974359, 0.41025641025641024, 0.38461538461538464, 0.3333333333333333, 0.23076923076923078, 0.2564102564102564, 0.28205128205128205, 0.41025641025641024, 0.358974358974359, 0.3333333333333333, 0.41025641025641024, 0.38461538461538464, 0.38461538461538464, 0.358974358974359, 0.4358974358974359, 0.1794871794871795], "elapsed_time_rand": 131.2271740436554, "acu_encoder_adversarial": [0.5384615659713745, 0.5384615659713745, 0.5384615659713745, 0.5641025900840759, 0.5384615659713745, 0.5128205418586731, 0.4615384638309479, 0.4871794879436493, 0.43589743971824646, 0.41025641560554504, 0.4871794879436493, 0.4615384638309479, 0.5128205418586731, 0.4615384638309479, 0.4871794879436493, 0.5128205418586731, 0.5641025900840759, 0.5128205418586731, 0.5128205418586731, 0.5128205418586731, 0.4871794879436493, 0.43589743971824646, 0.5384615659713745, 0.43589743971824646, 0.5128205418586731, 0.5128205418586731, 0.4615384638309479, 0.5641025900840759, 0.4871794879436493, 0.5384615659713745, 0.5384615659713745, 0.5384615659713745, 0.5384615659713745, 0.4871794879436493, 0.43589743971824646, 0.5641025900840759, 0.4871794879436493, 0.4871794879436493, 0.4871794879436493, 0.4871794879436493, 0.4871794879436493, 0.5384615659713745, 0.4615384638309479, 0.38461539149284363, 0.4871794879436493, 0.43589743971824646, 0.41025641560554504, 0.5641025900840759, 0.5128205418586731, 0.5384615659713745, 0.5384615659713745, 0.5128205418586731, 0.5384615659713745, 0.4615384638309479, 0.4871794879436493, 0.4615384638309479, 0.5641025900840759, 0.5384615659713745, 0.5384615659713745, 0.5128205418586731, 0.5128205418586731, 0.5384615659713745, 0.4615384638309479, 0.4615384638309479, 0.4871794879436493, 0.5384615659713745, 0.5384615659713745, 0.5641025900840759, 0.4871794879436493, 0.5128205418586731, 0.5128205418586731, 0.4615384638309479, 0.5128205418586731, 0.4615384638309479, 0.5384615659713745, 0.4615384638309479, 0.5641025900840759, 0.4615384638309479, 0.4871794879436493, 0.43589743971824646, 0.5128205418586731, 0.4871794879436493, 0.4871794879436493, 0.5384615659713745, 0.4615384638309479, 0.4871794879436493, 0.4871794879436493, 0.5384615659713745, 0.5128205418586731, 0.4871794879436493, 0.5128205418586731, 0.43589743971824646, 0.5384615659713745, 0.5384615659713745, 0.41025641560554504, 0.5128205418586731, 0.4871794879436493, 0.5641025900840759, 0.4871794879436493, 0.4615384638309479], "elapsed_time_encoder_adversarial": 1367.6943664550781, "acu_encoder": [0.43589743971824646, 0.4615384638309479, 0.43589743971824646, 0.43589743971824646, 0.43589743971824646, 0.43589743971824646, 0.4615384638309479, 0.43589743971824646, 0.43589743971824646, 0.43589743971824646, 0.4615384638309479, 0.4615384638309479, 0.4615384638309479, 0.4615384638309479, 0.43589743971824646, 0.43589743971824646, 0.43589743971824646, 0.41025641560554504, 0.43589743971824646, 0.43589743971824646, 0.4615384638309479, 0.41025641560554504, 0.43589743971824646, 0.43589743971824646, 0.43589743971824646, 0.43589743971824646, 0.4615384638309479, 0.43589743971824646, 0.43589743971824646, 0.4615384638309479, 0.4615384638309479, 0.43589743971824646, 0.4871794879436493, 0.43589743971824646, 0.4615384638309479, 0.4871794879436493, 0.43589743971824646, 0.43589743971824646, 0.4615384638309479, 0.43589743971824646, 0.43589743971824646, 0.43589743971824646, 0.4615384638309479, 0.43589743971824646, 0.41025641560554504, 0.43589743971824646, 0.43589743971824646, 0.43589743971824646, 0.4871794879436493, 0.43589743971824646, 0.43589743971824646, 0.43589743971824646, 0.4615384638309479, 0.43589743971824646, 0.43589743971824646, 0.4615384638309479, 0.43589743971824646, 0.43589743971824646, 0.4615384638309479, 0.43589743971824646, 0.43589743971824646, 0.43589743971824646, 0.43589743971824646, 0.43589743971824646, 0.43589743971824646, 0.4615384638309479, 0.43589743971824646, 0.4871794879436493, 0.43589743971824646, 0.4615384638309479, 0.4615384638309479, 0.4871794879436493, 0.43589743971824646, 0.4615384638309479, 0.4871794879436493, 0.4615384638309479, 0.4615384638309479, 0.4615384638309479, 0.43589743971824646, 0.43589743971824646, 0.4615384638309479, 0.43589743971824646, 0.43589743971824646, 0.4615384638309479, 0.4871794879436493, 0.43589743971824646, 0.4871794879436493, 0.4615384638309479, 0.43589743971824646, 0.4871794879436493, 0.4615384638309479, 0.4615384638309479, 0.43589743971824646, 0.43589743971824646, 0.43589743971824646, 0.4615384638309479, 0.4615384638309479, 0.43589743971824646, 0.4615384638309479, 0.43589743971824646], "elapsed_time_encoder": 1351.892106294632,