{"ticker": "KO", "can_execute": true, "acu_rand": [0.2564102564102564, 0.38461538461538464, 0.2564102564102564, 0.3333333333333333, 0.38461538461538464, 0.48717948717948717, 0.2564102564102564, 0.15384615384615385, 0.38461538461538464, 0.23076923076923078, 0.2564102564102564, 0.3333333333333333, 0.3333333333333333, 0.46153846153846156, 0.41025641025641024, 0.41025641025641024, 0.3333333333333333, 0.41025641025641024, 0.4358974358974359, 0.3076923076923077, 0.41025641025641024, 0.46153846153846156, 0.3076923076923077, 0.3333333333333333, 0.4358974358974359, 0.28205128205128205, 0.28205128205128205, 0.358974358974359, 0.3076923076923077, 0.38461538461538464, 0.38461538461538464, 0.3076923076923077, 0.3076923076923077, 0.41025641025641024, 0.358974358974359, 0.48717948717948717, 0.3333333333333333, 0.2564102564102564, 0.358974358974359, 0.4358974358974359, 0.2564102564102564, 0.38461538461538464, 0.4358974358974359, 0.3076923076923077, 0.358974358974359, 0.28205128205128205, 0.358974358974359, 0.41025641025641024, 0.3076923076923077, 0.3076923076923077, 0.1794871794871795, 0.23076923076923078, 0.28205128205128205, 0.46153846153846156, 0.46153846153846156, 0.1794871794871795, 0.38461538461538464, 0.38461538461538464, 0.4358974358974359, 0.358974358974359, 0.28205128205128205, 0.3076923076923077, 0.20512820512820512, 0.15384615384615385, 0.3333333333333333, 0.41025641025641024, 0.3076923076923077, 0.4358974358974359, 0.3333333333333333, 0.3333333333333333, 0.3076923076923077, 0.23076923076923078, 0.3333333333333333, 0.20512820512820512, 0.3333333333333333, 0.3333333333333333, 0.4358974358974359, 0.358974358974359, 0.20512820512820512, 0.46153846153846156, 0.2564102564102564, 0.38461538461538464, 0.46153846153846156, 0.48717948717948717, 0.3076923076923077, 0.23076923076923078, 0.2564102564102564, 0.20512820512820512, 0.4358974358974359, 0.38461538461538464, 0.46153846153846156, 0.38461538461538464, 0.3076923076923077, 0.3076923076923077, 0.5128205128205128, 0.358974358974359, 0.28205128205128205, 0.2564102564102564, 0.23076923076923078, 0.2564102564102564], "elapsed_time_rand": 123.72357511520386, "acu_encoder_adversarial": [0.20512820780277252, 0.23076923191547394, 0.20512820780277252, 0.23076923191547394, 0.28205129504203796, 0.28205129504203796, 0.28205129504203796, 0.25641027092933655, 0.28205129504203796, 0.28205129504203796, 0.20512820780277252, 0.23076923191547394, 0.23076923191547394, 0.28205129504203796, 0.25641027092933655, 0.28205129504203796, 0.25641027092933655, 0.3333333432674408, 0.25641027092933655, 0.28205129504203796, 0.25641027092933655, 0.25641027092933655, 0.25641027092933655, 0.28205129504203796, 0.28205129504203796, 0.20512820780277252, 0.25641027092933655, 0.28205129504203796, 0.3076923191547394, 0.20512820780277252, 0.25641027092933655, 0.25641027092933655, 0.25641027092933655, 0.25641027092933655, 0.3076923191547394, 0.25641027092933655, 0.28205129504203796, 0.28205129504203796, 0.23076923191547394, 0.3333333432674408, 0.3076923191547394, 0.25641027092933655, 0.25641027092933655, 0.3076923191547394, 0.23076923191547394, 0.28205129504203796, 0.20512820780277252, 0.3076923191547394, 0.25641027092933655, 0.25641027092933655, 0.23076923191547394, 0.28205129504203796, 0.3076923191547394, 0.25641027092933655, 0.28205129504203796, 0.23076923191547394, 0.28205129504203796, 0.28205129504203796, 0.3076923191547394, 0.25641027092933655, 0.28205129504203796, 0.28205129504203796, 0.3333333432674408, 0.25641027092933655, 0.25641027092933655, 0.3076923191547394, 0.28205129504203796, 0.25641027092933655, 0.23076923191547394, 0.25641027092933655, 0.28205129504203796, 0.20512820780277252, 0.3076923191547394, 0.28205129504203796, 0.28205129504203796, 0.25641027092933655, 0.28205129504203796, 0.23076923191547394, 0.25641027092933655, 0.28205129504203796, 0.23076923191547394, 0.28205129504203796, 0.28205129504203796, 0.3076923191547394, 0.28205129504203796, 0.20512820780277252, 0.3333333432674408, 0.23076923191547394, 0.3076923191547394, 0.25641027092933655, 0.20512820780277252, 0.28205129504203796, 0.28205129504203796, 0.25641027092933655, 0.3076923191547394, 0.25641027092933655, 0.28205129504203796, 0.25641027092933655, 0.25641027092933655, 0.20512820780277252], "elapsed_time_encoder_adversarial": 990.1880295276642, "acu_encoder": [0.3333333432674408, 0.3076923191547394, 0.3333333432674408, 0.28205129504203796, 0.3589743673801422, 0.23076923191547394, 0.3076923191547394, 0.25641027092933655, 0.3333333432674408, 0.25641027092933655, 0.28205129504203796, 0.25641027092933655, 0.23076923191547394, 0.23076923191547394, 0.20512820780277252, 0.20512820780277252, 0.3333333432674408, 0.3333333432674408, 0.3076923191547394, 0.3333333432674408, 0.23076923191547394, 0.28205129504203796, 0.23076923191547394, 0.3076923191547394, 0.3076923191547394, 0.28205129504203796, 0.20512820780277252, 0.23076923191547394, 0.3333333432674408, 0.23076923191547394, 0.28205129504203796, 0.23076923191547394, 0.3076923191547394, 0.23076923191547394, 0.28205129504203796, 0.23076923191547394, 0.25641027092933655, 0.28205129504203796, 0.28205129504203796, 0.28205129504203796, 0.3076923191547394, 0.23076923191547394, 0.3076923191547394, 0.25641027092933655, 0.20512820780277252, 0.3076923191547394, 0.3076923191547394, 0.3333333432674408, 0.28205129504203796, 0.25641027092933655, 0.23076923191547394, 0.28205129504203796, 0.28205129504203796, 0.3076923191547394, 0.28205129504203796, 0.38461539149284363, 0.23076923191547394, 0.3076923191547394, 0.23076923191547394, 0.25641027092933655, 0.28205129504203796, 0.23076923191547394, 0.28205129504203796, 0.25641027092933655, 0.28205129504203796, 0.23076923191547394, 0.28205129504203796, 0.25641027092933655, 0.25641027092933655, 0.28205129504203796, 0.3333333432674408, 0.25641027092933655, 0.28205129504203796, 0.28205129504203796, 0.3076923191547394, 0.28205129504203796, 0.25641027092933655, 0.3589743673801422, 0.3076923191547394, 0.28205129504203796, 0.3076923191547394, 0.3076923191547394, 0.23076923191547394, 0.23076923191547394, 0.3076923191547394, 0.28205129504203796, 0.23076923191547394, 0.28205129504203796, 0.25641027092933655, 0.28205129504203796, 0.3076923191547394, 0.3333333432674408, 0.28205129504203796, 0.23076923191547394, 0.3333333432674408, 0.23076923191547394, 0.3076923191547394, 0.25641027092933655, 0.25641027092933655, 0.23076923191547394], "elapsed_time_encoder": 1050.3843574523926,