{"ticker": "MCD", "can_execute": true, "acu_rand": [0.23076923076923078, 0.3076923076923077, 0.28205128205128205, 0.28205128205128205, 0.4358974358974359, 0.5641025641025641, 0.3076923076923077, 0.23076923076923078, 0.28205128205128205, 0.3333333333333333, 0.2564102564102564, 0.2564102564102564, 0.28205128205128205, 0.6153846153846154, 0.28205128205128205, 0.358974358974359, 0.38461538461538464, 0.3076923076923077, 0.3076923076923077, 0.20512820512820512, 0.4358974358974359, 0.4358974358974359, 0.41025641025641024, 0.358974358974359, 0.358974358974359, 0.28205128205128205, 0.41025641025641024, 0.358974358974359, 0.358974358974359, 0.358974358974359, 0.28205128205128205, 0.20512820512820512, 0.2564102564102564, 0.358974358974359, 0.28205128205128205, 0.5641025641025641, 0.38461538461538464, 0.20512820512820512, 0.358974358974359, 0.358974358974359, 0.3076923076923077, 0.2564102564102564, 0.2564102564102564, 0.20512820512820512, 0.3076923076923077, 0.3333333333333333, 0.358974358974359, 0.358974358974359, 0.28205128205128205, 0.3333333333333333, 0.15384615384615385, 0.3076923076923077, 0.28205128205128205, 0.3333333333333333, 0.3076923076923077, 0.1794871794871795, 0.3333333333333333, 0.46153846153846156, 0.38461538461538464, 0.358974358974359, 0.3333333333333333, 0.28205128205128205, 0.2564102564102564, 0.23076923076923078, 0.28205128205128205, 0.38461538461538464, 0.2564102564102564, 0.28205128205128205, 0.3076923076923077, 0.3076923076923077, 0.28205128205128205, 0.3076923076923077, 0.3076923076923077, 0.1794871794871795, 0.46153846153846156, 0.28205128205128205, 0.41025641025641024, 0.3076923076923077, 0.2564102564102564, 0.3076923076923077, 0.358974358974359, 0.23076923076923078, 0.38461538461538464, 0.41025641025641024, 0.3333333333333333, 0.358974358974359, 0.2564102564102564, 0.28205128205128205, 0.28205128205128205, 0.3333333333333333, 0.41025641025641024, 0.38461538461538464, 0.358974358974359, 0.46153846153846156, 0.358974358974359, 0.3076923076923077, 0.2564102564102564, 0.3076923076923077, 0.28205128205128205, 0.28205128205128205], "elapsed_time_rand": 112.96337509155273, "acu_encoder_adversarial": [0.43589743971824646, 0.3333333432674408, 0.3589743673801422, 0.41025641560554504, 0.3589743673801422, 0.3076923191547394, 0.3076923191547394, 0.3333333432674408, 0.3333333432674408, 0.3333333432674408, 0.41025641560554504, 0.3333333432674408, 0.38461539149284363, 0.3076923191547394, 0.28205129504203796, 0.41025641560554504, 0.3333333432674408, 0.3589743673801422, 0.3333333432674408, 0.38461539149284363, 0.43589743971824646, 0.41025641560554504, 0.3589743673801422, 0.3333333432674408, 0.38461539149284363, 0.38461539149284363, 0.41025641560554504, 0.3333333432674408, 0.38461539149284363, 0.3076923191547394, 0.41025641560554504, 0.28205129504203796, 0.41025641560554504, 0.3589743673801422, 0.3076923191547394, 0.3333333432674408, 0.3076923191547394, 0.3589743673801422, 0.38461539149284363, 0.41025641560554504, 0.3333333432674408, 0.38461539149284363, 0.3589743673801422, 0.41025641560554504, 0.41025641560554504, 0.28205129504203796, 0.38461539149284363, 0.38461539149284363, 0.3589743673801422, 0.3333333432674408, 0.28205129504203796, 0.38461539149284363, 0.28205129504203796, 0.43589743971824646, 0.3589743673801422, 0.38461539149284363, 0.4615384638309479, 0.3076923191547394, 0.38461539149284363, 0.38461539149284363, 0.43589743971824646, 0.3076923191547394, 0.3076923191547394, 0.3589743673801422, 0.38461539149284363, 0.41025641560554504, 0.3333333432674408, 0.3333333432674408, 0.3589743673801422, 0.3333333432674408, 0.28205129504203796, 0.3333333432674408, 0.38461539149284363, 0.38461539149284363, 0.41025641560554504, 0.38461539149284363, 0.3076923191547394, 0.38461539149284363, 0.41025641560554504, 0.3076923191547394, 0.43589743971824646, 0.43589743971824646, 0.38461539149284363, 0.3076923191547394, 0.3589743673801422, 0.43589743971824646, 0.3589743673801422, 0.38461539149284363, 0.3333333432674408, 0.41025641560554504, 0.38461539149284363, 0.3589743673801422, 0.3333333432674408, 0.38461539149284363, 0.28205129504203796, 0.43589743971824646, 0.43589743971824646, 0.3589743673801422, 0.3589743673801422, 0.38461539149284363], "elapsed_time_encoder_adversarial": 2367.3268735408783, "acu_encoder": [0.23076923191547394, 0.28205129504203796, 0.3076923191547394, 0.28205129504203796, 0.41025641560554504, 0.38461539149284363, 0.3589743673801422, 0.38461539149284363, 0.3333333432674408, 0.38461539149284363, 0.3589743673801422, 0.28205129504203796, 0.3589743673801422, 0.3333333432674408, 0.38461539149284363, 0.3589743673801422, 0.3333333432674408, 0.41025641560554504, 0.3589743673801422, 0.3076923191547394, 0.38461539149284363, 0.3333333432674408, 0.41025641560554504, 0.3076923191547394, 0.38461539149284363, 0.38461539149284363, 0.3589743673801422, 0.3589743673801422, 0.3589743673801422, 0.3589743673801422, 0.38461539149284363, 0.38461539149284363, 0.3076923191547394, 0.3076923191547394, 0.41025641560554504, 0.38461539149284363, 0.3076923191547394, 0.3333333432674408, 0.3589743673801422, 0.3333333432674408, 0.3076923191547394, 0.3076923191547394, 0.3333333432674408, 0.38461539149284363, 0.3589743673801422, 0.3076923191547394, 0.3333333432674408, 0.3333333432674408, 0.38461539149284363, 0.3333333432674408, 0.3076923191547394, 0.25641027092933655, 0.28205129504203796, 0.3589743673801422, 0.3333333432674408, 0.3333333432674408, 0.3333333432674408, 0.3076923191547394, 0.3589743673801422, 0.3076923191547394, 0.38461539149284363, 0.3076923191547394, 0.3589743673801422, 0.3076923191547394, 0.38461539149284363, 0.38461539149284363, 0.3076923191547394, 0.3076923191547394, 0.3076923191547394, 0.3589743673801422, 0.3589743673801422, 0.3333333432674408, 0.3076923191547394, 0.3589743673801422, 0.3333333432674408, 0.3333333432674408, 0.3333333432674408, 0.3333333432674408, 0.3589743673801422, 0.3076923191547394, 0.3076923191547394, 0.3333333432674408, 0.38461539149284363, 0.38461539149284363, 0.3076923191547394, 0.3333333432674408, 0.3589743673801422, 0.3589743673801422, 0.3076923191547394, 0.3589743673801422, 0.3076923191547394, 0.38461539149284363, 0.28205129504203796, 0.3333333432674408, 0.38461539149284363, 0.3589743673801422, 0.28205129504203796, 0.3076923191547394, 0.3076923191547394, 0.38461539149284363], "elapsed_time_encoder": 2127.1502125263214,