{"ticker": "WMT", "can_execute": true, "acu_rand": [0.1794871794871795, 0.46153846153846156, 0.358974358974359, 0.23076923076923078, 0.3333333333333333, 0.38461538461538464, 0.2564102564102564, 0.1794871794871795, 0.46153846153846156, 0.2564102564102564, 0.2564102564102564, 0.28205128205128205, 0.38461538461538464, 0.358974358974359, 0.1794871794871795, 0.3333333333333333, 0.38461538461538464, 0.28205128205128205, 0.3076923076923077, 0.23076923076923078, 0.3076923076923077, 0.48717948717948717, 0.1794871794871795, 0.3333333333333333, 0.3076923076923077, 0.41025641025641024, 0.358974358974359, 0.4358974358974359, 0.358974358974359, 0.38461538461538464, 0.2564102564102564, 0.23076923076923078, 0.4358974358974359, 0.41025641025641024, 0.3076923076923077, 0.358974358974359, 0.28205128205128205, 0.38461538461538464, 0.41025641025641024, 0.358974358974359, 0.20512820512820512, 0.3076923076923077, 0.23076923076923078, 0.28205128205128205, 0.3333333333333333, 0.41025641025641024, 0.358974358974359, 0.2564102564102564, 0.3333333333333333, 0.38461538461538464, 0.41025641025641024, 0.3076923076923077, 0.48717948717948717, 0.38461538461538464, 0.3333333333333333, 0.358974358974359, 0.2564102564102564, 0.38461538461538464, 0.358974358974359, 0.46153846153846156, 0.23076923076923078, 0.358974358974359, 0.1794871794871795, 0.3333333333333333, 0.41025641025641024, 0.38461538461538464, 0.3076923076923077, 0.3333333333333333, 0.3333333333333333, 0.4358974358974359, 0.358974358974359, 0.38461538461538464, 0.23076923076923078, 0.28205128205128205, 0.4358974358974359, 0.3076923076923077, 0.3333333333333333, 0.2564102564102564, 0.20512820512820512, 0.4358974358974359, 0.23076923076923078, 0.2564102564102564, 0.4358974358974359, 0.5128205128205128, 0.3333333333333333, 0.38461538461538464, 0.20512820512820512, 0.28205128205128205, 0.28205128205128205, 0.28205128205128205, 0.358974358974359, 0.3076923076923077, 0.28205128205128205, 0.38461538461538464, 0.3076923076923077, 0.3333333333333333, 0.358974358974359, 0.2564102564102564, 0.3076923076923077, 0.358974358974359], "elapsed_time_rand": 131.2281424999237, "acu_encoder_adversarial": [0.41025641560554504, 0.38461539149284363, 0.43589743971824646, 0.41025641560554504, 0.38461539149284363, 0.41025641560554504, 0.41025641560554504, 0.38461539149284363, 0.41025641560554504, 0.38461539149284363, 0.41025641560554504, 0.38461539149284363, 0.41025641560554504, 0.41025641560554504, 0.41025641560554504, 0.41025641560554504, 0.41025641560554504, 0.41025641560554504, 0.38461539149284363, 0.41025641560554504, 0.41025641560554504, 0.38461539149284363, 0.41025641560554504, 0.38461539149284363, 0.41025641560554504, 0.38461539149284363, 0.41025641560554504, 0.41025641560554504, 0.41025641560554504, 0.41025641560554504, 0.38461539149284363, 0.41025641560554504, 0.38461539149284363, 0.41025641560554504, 0.41025641560554504, 0.43589743971824646, 0.3589743673801422, 0.3333333432674408, 0.38461539149284363, 0.41025641560554504, 0.43589743971824646, 0.41025641560554504, 0.38461539149284363, 0.41025641560554504, 0.41025641560554504, 0.43589743971824646, 0.4615384638309479, 0.41025641560554504, 0.38461539149284363, 0.41025641560554504, 0.38461539149284363, 0.41025641560554504, 0.41025641560554504, 0.43589743971824646, 0.38461539149284363, 0.38461539149284363, 0.3589743673801422, 0.38461539149284363, 0.41025641560554504, 0.43589743971824646, 0.41025641560554504, 0.43589743971824646, 0.41025641560554504, 0.38461539149284363, 0.38461539149284363, 0.41025641560554504, 0.41025641560554504, 0.38461539149284363, 0.41025641560554504, 0.38461539149284363, 0.4871794879436493, 0.38461539149284363, 0.38461539149284363, 0.4615384638309479, 0.38461539149284363, 0.41025641560554504, 0.41025641560554504, 0.38461539149284363, 0.4871794879436493, 0.43589743971824646, 0.38461539149284363, 0.43589743971824646, 0.41025641560554504, 0.43589743971824646, 0.3333333432674408, 0.38461539149284363, 0.41025641560554504, 0.3589743673801422, 0.4615384638309479, 0.3589743673801422, 0.38461539149284363, 0.38461539149284363, 0.41025641560554504, 0.3589743673801422, 0.41025641560554504, 0.38461539149284363, 0.3589743673801422, 0.41025641560554504, 0.38461539149284363, 0.3333333432674408], "elapsed_time_encoder_adversarial": 3267.3317127227783, "acu_encoder": [0.25641027092933655, 0.43589743971824646, 0.25641027092933655, 0.38461539149284363, 0.3589743673801422, 0.41025641560554504, 0.3589743673801422, 0.43589743971824646, 0.38461539149284363, 0.3333333432674408, 0.28205129504203796, 0.3589743673801422, 0.3333333432674408, 0.3589743673801422, 0.3589743673801422, 0.3076923191547394, 0.3589743673801422, 0.38461539149284363, 0.38461539149284363, 0.4615384638309479, 0.3589743673801422, 0.3333333432674408, 0.3589743673801422, 0.3333333432674408, 0.3333333432674408, 0.41025641560554504, 0.3076923191547394, 0.38461539149284363, 0.28205129504203796, 0.38461539149284363, 0.38461539149284363, 0.3333333432674408, 0.3589743673801422, 0.38461539149284363, 0.3589743673801422, 0.38461539149284363, 0.28205129504203796, 0.3333333432674408, 0.41025641560554504, 0.38461539149284363, 0.3333333432674408, 0.3333333432674408, 0.3076923191547394, 0.38461539149284363, 0.3589743673801422, 0.3076923191547394, 0.41025641560554504, 0.38461539149284363, 0.43589743971824646, 0.41025641560554504, 0.41025641560554504, 0.3589743673801422, 0.3589743673801422, 0.3589743673801422, 0.28205129504203796, 0.38461539149284363, 0.38461539149284363, 0.3589743673801422, 0.3333333432674408, 0.43589743971824646, 0.38461539149284363, 0.38461539149284363, 0.3589743673801422, 0.38461539149284363, 0.3589743673801422, 0.38461539149284363, 0.3076923191547394, 0.43589743971824646, 0.38461539149284363, 0.38461539149284363, 0.3333333432674408, 0.3076923191547394, 0.41025641560554504, 0.3333333432674408, 0.3589743673801422, 0.3589743673801422, 0.3333333432674408, 0.3589743673801422, 0.41025641560554504, 0.3076923191547394, 0.43589743971824646, 0.43589743971824646, 0.41025641560554504, 0.3589743673801422, 0.3333333432674408, 0.3333333432674408, 0.3333333432674408, 0.41025641560554504, 0.38461539149284363, 0.4615384638309479, 0.41025641560554504, 0.38461539149284363, 0.3589743673801422, 0.41025641560554504, 0.3076923191547394, 0.41025641560554504, 0.43589743971824646, 0.3589743673801422, 0.3589743673801422, 0.4615384638309479], "elapsed_time_encoder": 3156.7355654239655,